CREATE DATABASE  IF NOT EXISTS `dr_manager` /*!40100 DEFAULT CHARACTER SET utf8 */;
USE `dr_manager`;
-- MySQL dump 10.13  Distrib 5.7.12, for Win64 (x86_64)
--
-- Host: localhost    Database: dr_manager
-- ------------------------------------------------------
-- Server version	5.7.14-log

/*!40101 SET @OLD_CHARACTER_SET_CLIENT=@@CHARACTER_SET_CLIENT */;
/*!40101 SET @OLD_CHARACTER_SET_RESULTS=@@CHARACTER_SET_RESULTS */;
/*!40101 SET @OLD_COLLATION_CONNECTION=@@COLLATION_CONNECTION */;
/*!40101 SET NAMES utf8 */;
/*!40103 SET @OLD_TIME_ZONE=@@TIME_ZONE */;
/*!40103 SET TIME_ZONE='+00:00' */;
/*!40014 SET @OLD_UNIQUE_CHECKS=@@UNIQUE_CHECKS, UNIQUE_CHECKS=0 */;
/*!40014 SET @OLD_FOREIGN_KEY_CHECKS=@@FOREIGN_KEY_CHECKS, FOREIGN_KEY_CHECKS=0 */;
/*!40101 SET @OLD_SQL_MODE=@@SQL_MODE, SQL_MODE='NO_AUTO_VALUE_ON_ZERO' */;
/*!40111 SET @OLD_SQL_NOTES=@@SQL_NOTES, SQL_NOTES=0 */;

--
-- Table structure for table `dr`
--

DROP TABLE IF EXISTS `dr`;
/*!40101 SET @saved_cs_client     = @@character_set_client */;
/*!40101 SET character_set_client = utf8 */;
CREATE TABLE `dr` (
  `name` varchar(255) NOT NULL,
  `status` int(11) NOT NULL,
  `cpu` varchar(45) DEFAULT NULL,
  `max3d` int(32) DEFAULT '0',
  `services` varchar(3000) DEFAULT NULL,
  `ip` varchar(45) NOT NULL,
  `user` varchar(255) DEFAULT NULL,
  `job` varchar(255) DEFAULT NULL,
  `updated` datetime DEFAULT NULL,
  `group` varchar(100) DEFAULT NULL,
  `office` varchar(45) DEFAULT NULL,
  `desc` varchar(255) DEFAULT NULL,
  `ram` varchar(45) DEFAULT '0',
  `aram` varchar(45) DEFAULT '0',
  `cpudata` varchar(45) DEFAULT '',
  `srvautostart` int(11) DEFAULT '1',
  `cpunumber` int(11) DEFAULT '1',
  `rendkw` int(11) DEFAULT '0',
  `idlekw` int(11) DEFAULT '0',
  PRIMARY KEY (`name`)
) ENGINE=InnoDB DEFAULT CHARSET=utf8;
/*!40101 SET character_set_client = @saved_cs_client */;

--
-- Dumping data for table `dr`
--

LOCK TABLES `dr` WRITE;
/*!40000 ALTER TABLE `dr` DISABLE KEYS */;
INSERT INTO `dr` VALUES ('kng-render-002',0,'0',0,'VRaySpawner 2014=1;VRaySpawner 2016=1;BACKBURNER_SRV_200=4;DR_Corona=notfound;VRaySpawner 2017=1;=notfound;','192.168.3.123',NULL,NULL,'2017-05-17 16:19:53','','Koningsberg',NULL,'16','13,1','Intel(R) Xeon(R) CPU E3-1270 V2 @ 3.50GHz',1,8,0,0),('kng-render-003',0,'0',0,'VRaySpawner 2014=1;VRaySpawner 2016=1;BACKBURNER_SRV_200=4;DR_Corona=notfound;VRaySpawner 2017=1;=notfound;','192.168.3.122',NULL,NULL,'2017-05-17 16:19:55','','Koningsberg',NULL,'16','13,1','Intel(R) Xeon(R) CPU E3-1270 V2 @ 3.50GHz',1,8,0,0),('kng-render-004',0,'0',0,'VRaySpawner 2014=1;VRaySpawner 2016=1;BACKBURNER_SRV_200=4;DR_Corona=notfound;VRaySpawner 2017=1;=notfound;','192.168.3.121',NULL,NULL,'2017-05-17 16:19:53','','Koningsberg',NULL,'16','13,1','Intel(R) Xeon(R) CPU E3-1270 V2 @ 3.50GHz',1,8,0,0),('kng-render-005',0,'0',0,'VRaySpawner 2014=1;VRaySpawner 2016=1;BACKBURNER_SRV_200=4;DR_Corona=notfound;VRaySpawner 2017=1;=notfound;','192.168.3.120',NULL,NULL,'2017-05-17 16:19:52','','Koningsberg',NULL,'16','13,1','Intel(R) Xeon(R) CPU E3-1270 V2 @ 3.50GHz',1,8,0,0),('kng-render-006',0,'0',0,'VRaySpawner 2014=1;VRaySpawner 2016=1;BACKBURNER_SRV_200=4;DR_Corona=notfound;VRaySpawner 2017=1;=notfound;','192.168.3.119',NULL,NULL,'2017-05-17 16:19:52','','Koningsberg',NULL,'16','13,1','Intel(R) Xeon(R) CPU E3-1270 V2 @ 3.50GHz',1,8,0,0),('kng-render-007',0,'0',0,'VRaySpawner 2014=1;VRaySpawner 2016=1;BACKBURNER_SRV_200=4;DR_Corona=notfound;VRaySpawner 2017=1;=notfound;','192.168.3.118',NULL,NULL,'2017-05-17 16:19:53','','Koningsberg',NULL,'16','13,2','Intel(R) Xeon(R) CPU E3-1270 V2 @ 3.50GHz',1,8,0,0),('kng-render-008',0,'0',0,'VRaySpawner 2014=1;VRaySpawner 2016=1;BACKBURNER_SRV_200=4;DR_Corona=notfound;VRaySpawner 2017=1;=notfound;','192.168.3.117',NULL,NULL,'2017-05-17 16:19:52','','Koningsberg',NULL,'16','13','Intel(R) Xeon(R) CPU E3-1270 V2 @ 3.50GHz',1,8,0,0),('lviv-nb-mv',0,'96',NULL,'VRaySpawner 2014=notfound;VRaySpawner 2016=notfound;BACKBURNER_SRV_200=notfound;DR_Corona=notfound;VRaySpawner 2017=notfound;=notfound;','192.168.0.120',NULL,NULL,'2017-03-13 12:54:28','','Lviv',NULL,'0','0',NULL,1,1,250,0),('Lviv-renamd-001',0,'0',0,'VRaySpawner 2014=1;VRaySpawner 2016=1;BACKBURNER_SRV_200=4;DR_Corona=notfound;VRaySpawner 2017=1;=notfound;','192.168.0.115',NULL,NULL,'2017-05-17 16:19:56','','Lviv',NULL,'16','13,6','AMD Phenom(tm) II X6 1055T Processor',1,6,250,0),('Lviv-renamd-002',0,'0',0,'VRaySpawner 2014=1;VRaySpawner 2016=1;BACKBURNER_SRV_200=4;DR_Corona=notfound;VRaySpawner 2017=1;=notfound;','192.168.0.114',NULL,NULL,'2017-05-17 16:19:54',NULL,'Lviv',NULL,'16','13,5','AMD Phenom(tm) II X6 1055T Processor',1,6,0,0),('lviv-render-001',0,'99',99,'VRaySpawner 2014=4;VRaySpawner 2016=1;BACKBURNER_SRV_200=1;DR_Corona=1;VRaySpawner 2017=1;=notfound;','192.168.0.51','i.bodak','MT_4','2017-05-17 16:19:56','','Lviv',NULL,'31,9','24,7','Intel(R) Core(TM) i7-4770 CPU @ 3.40GHz',1,8,0,0),('lviv-render-002',0,'99',99,'VRaySpawner 2014=4;VRaySpawner 2016=1;BACKBURNER_SRV_200=1;DR_Corona=1;VRaySpawner 2017=1;=notfound;','192.168.0.52','i.bodak','MT_4','2017-05-17 16:19:57','','Lviv',NULL,'31,9','24,4','Intel(R) Core(TM) i7-4770 CPU @ 3.40GHz',1,8,0,0),('lviv-render-003',0,'99',99,'VRaySpawner 2014=4;VRaySpawner 2016=1;BACKBURNER_SRV_200=1;DR_Corona=1;VRaySpawner 2017=1;=notfound;','192.168.0.53','i.bodak','MT_4','2017-05-17 16:19:56','','Lviv',NULL,'31,9','24,5','Intel(R) Core(TM) i7-4770 CPU @ 3.40GHz',1,8,0,0),('lviv-render-004',0,'99',99,'VRaySpawner 2014=4;VRaySpawner 2016=1;BACKBURNER_SRV_200=1;DR_Corona=1;VRaySpawner 2017=1;=notfound;','192.168.0.54','i.bodak','MT_4','2017-05-17 16:19:54','','Lviv',NULL,'31,9','24,5','Intel(R) Core(TM) i7-4770 CPU @ 3.40GHz',1,8,0,0),('lviv-render-005',0,'99',99,'VRaySpawner 2014=4;VRaySpawner 2016=1;BACKBURNER_SRV_200=1;DR_Corona=1;VRaySpawner 2017=1;=notfound;','192.168.0.55','i.bodak','MT_4','2017-05-17 16:19:54','','Lviv',NULL,'31,9','24,9','Intel(R) Core(TM) i7-4770 CPU @ 3.40GHz',1,8,0,0),('lviv-render-006',0,'99',99,'VRaySpawner 2014=4;VRaySpawner 2016=1;BACKBURNER_SRV_200=1;DR_Corona=1;VRaySpawner 2017=1;=notfound;','192.168.0.56','i.bodak','MT_4','2017-05-17 16:19:55','','Lviv',NULL,'31,9','25,2','Intel(R) Core(TM) i7-4770 CPU @ 3.40GHz',1,8,0,0),('lviv-render-007',0,'99',99,'VRaySpawner 2014=4;VRaySpawner 2016=1;BACKBURNER_SRV_200=1;DR_Corona=1;VRaySpawner 2017=1;=notfound;','192.168.0.57','i.bodak','MT_4','2017-05-17 16:19:53','','Lviv',NULL,'31,9','24,7','Intel(R) Core(TM) i7-4770 CPU @ 3.40GHz',1,8,0,0),('lviv-render-008',0,'100',100,'VRaySpawner 2014=4;VRaySpawner 2016=1;BACKBURNER_SRV_200=1;DR_Corona=1;VRaySpawner 2017=1;=notfound;','192.168.0.58','i.bodak','MT_4','2017-05-17 16:19:53','','Lviv',NULL,'31,9','24,3','Intel(R) Core(TM) i7-4770 CPU @ 3.40GHz',1,8,0,0),('lviv-render-009',0,'0',0,'VRaySpawner 2014=1;VRaySpawner 2016=1;BACKBURNER_SRV_200=4;DR_Corona=1;VRaySpawner 2017=1;=notfound;','192.168.0.59','',NULL,'2017-05-17 16:19:57','','Lviv',NULL,'31,9','29,1','Intel(R) Core(TM) i7-4770 CPU @ 3.40GHz',1,8,0,0),('lviv-render-010',0,'99',99,'VRaySpawner 2014=4;VRaySpawner 2016=1;BACKBURNER_SRV_200=1;DR_Corona=1;VRaySpawner 2017=1;=notfound;','192.168.0.60','i.bodak','MT_4','2017-05-17 16:19:57','','Lviv',NULL,'23,9','17,6','Intel(R) Core(TM) i7-4770 CPU @ 3.40GHz',1,8,0,0),('lviv-render-011',0,'100',100,'VRaySpawner 2014=1;VRaySpawner 2016=1;BACKBURNER_SRV_200=1;DR_Corona=notfound;VRaySpawner 2017=4;=notfound;','192.168.0.61','n.kit',NULL,'2017-05-17 16:19:56','','Lviv',NULL,'23,9','15,1','Intel(R) Core(TM) i7-4770 CPU @ 3.40GHz',1,8,0,0),('lviv-render-012',0,'100',100,'VRaySpawner 2014=1;VRaySpawner 2016=1;BACKBURNER_SRV_200=1;DR_Corona=1;VRaySpawner 2017=4;=notfound;','192.168.0.62','n.kit','Rv 12','2017-05-17 16:19:53','','Lviv',NULL,'31,9','22','Intel(R) Core(TM) i7-4770 CPU @ 3.40GHz',1,8,0,0),('lviv-render-013',0,'99',99,'VRaySpawner 2014=1;VRaySpawner 2016=1;BACKBURNER_SRV_200=4;DR_Corona=1;VRaySpawner 2017=4;=notfound;','192.168.0.63','n.kit','Rv 12','2017-05-17 16:19:04','','Lviv',NULL,'31,9','21,7','Intel(R) Core(TM) i7-4770 CPU @ 3.40GHz',1,8,0,0),('lviv-render-014',0,'99',99,'VRaySpawner 2014=1;VRaySpawner 2016=1;BACKBURNER_SRV_200=1;DR_Corona=1;VRaySpawner 2017=4;=notfound;','192.168.0.64','n.kit','Rv 12','2017-05-17 16:19:53','','Lviv',NULL,'31,9','22','Intel(R) Core(TM) i7-4770 CPU @ 3.40GHz',1,8,0,0),('lviv-render-015',0,'100',100,'VRaySpawner 2014=1;VRaySpawner 2016=1;BACKBURNER_SRV_200=1;DR_Corona=1;VRaySpawner 2017=4;=notfound;','192.168.0.65','n.kit','Rv 12','2017-05-17 16:19:54','','Lviv',NULL,'31,9','22','Intel(R) Core(TM) i7-4770 CPU @ 3.40GHz',1,8,0,0),('lviv-render-016',0,'99',99,'VRaySpawner 2014=1;VRaySpawner 2016=1;BACKBURNER_SRV_200=1;DR_Corona=1;VRaySpawner 2017=4;=notfound;','192.168.0.66','n.kit','Rv 12','2017-05-17 16:19:55','','Lviv',NULL,'15,9','7,6','Intel(R) Xeon(R) CPU E5-2630 v3 @ 2.40GHz',1,16,0,0),('lviv-render-017',0,'99',99,'VRaySpawner 2014=1;VRaySpawner 2016=1;BACKBURNER_SRV_200=1;DR_Corona=1;VRaySpawner 2017=4;=notfound;','192.168.0.67','n.kit','Rv 12','2017-05-17 16:19:56','','Lviv',NULL,'31,9','22,1','Intel(R) Core(TM) i7-4770 CPU @ 3.40GHz',1,8,0,0),('lviv-render-018',0,'99',99,'VRaySpawner 2014=1;VRaySpawner 2016=1;BACKBURNER_SRV_200=1;DR_Corona=1;VRaySpawner 2017=4;=notfound;','192.168.0.68','n.kit','Rv 12','2017-05-17 16:19:54','','Lviv',NULL,'23,9','15,1','Intel(R) Core(TM) i7-4770 CPU @ 3.40GHz',1,8,0,0),('lviv-render-019',0,'99',99,'VRaySpawner 2014=1;VRaySpawner 2016=1;BACKBURNER_SRV_200=1;DR_Corona=1;VRaySpawner 2017=4;=notfound;','192.168.0.69','n.kit','Rv 12','2017-05-17 16:19:57','','Lviv',NULL,'23,9','15,5','Intel(R) Core(TM) i7-4770 CPU @ 3.40GHz',1,8,0,0),('lviv-render-020',0,'99',99,'VRaySpawner 2014=1;VRaySpawner 2016=1;BACKBURNER_SRV_200=1;DR_Corona=1;VRaySpawner 2017=4;=notfound;','192.168.0.70','n.kit','Rv 12','2017-05-17 16:19:53','','Lviv',NULL,'23,9','15,2','Intel(R) Core(TM) i7-4770 CPU @ 3.40GHz',1,8,0,0),('lviv-render-021',0,'100',100,'VRaySpawner 2014=1;VRaySpawner 2016=1;BACKBURNER_SRV_200=1;DR_Corona=1;VRaySpawner 2017=4;=notfound;','192.168.0.71','n.kit','Rv 12','2017-05-17 16:19:52','','Lviv',NULL,'23,7','15,1','Intel(R) Core(TM) i7-4770K CPU @ 3.50GHz',1,8,0,0),('lviv-render-022',0,'99',99,'VRaySpawner 2014=1;VRaySpawner 2016=1;BACKBURNER_SRV_200=1;DR_Corona=1;VRaySpawner 2017=4;=notfound;','192.168.0.72','n.kit','Rv 12','2017-05-17 16:19:57','','Lviv',NULL,'23,9','15,4','Intel(R) Core(TM) i7-4770 CPU @ 3.40GHz',1,8,0,0),('lviv-render-023',0,'99',99,'VRaySpawner 2014=1;VRaySpawner 2016=1;BACKBURNER_SRV_200=1;DR_Corona=1;VRaySpawner 2017=4;=notfound;','192.168.0.73','n.kit','Rv 12','2017-05-17 16:19:53','','Lviv',NULL,'23,7','15,2','Intel(R) Core(TM) i7-4770 CPU @ 3.40GHz',1,8,0,0),('lviv-render-024',0,'99',99,'VRaySpawner 2014=1;VRaySpawner 2016=1;BACKBURNER_SRV_200=1;DR_Corona=1;VRaySpawner 2017=4;=notfound;','192.168.0.74','n.kit','Rv 12','2017-05-17 16:19:54','','Lviv',NULL,'23,7','15,1','Intel(R) Core(TM) i7-4770 CPU @ 3.40GHz',1,8,0,0),('lviv-render-025',0,'99',99,'VRaySpawner 2014=1;VRaySpawner 2016=1;BACKBURNER_SRV_200=1;DR_Corona=1;VRaySpawner 2017=4;=notfound;','192.168.0.75','n.kit','Rv 12','2017-05-17 16:19:54','','Lviv',NULL,'23,7','15,2','Intel(R) Core(TM) i7-4770 CPU @ 3.40GHz',1,8,0,0),('lviv-render-026',0,'99',99,'VRaySpawner 2014=1;VRaySpawner 2016=1;BACKBURNER_SRV_200=1;DR_Corona=1;VRaySpawner 2017=4;=notfound;','192.168.0.76','n.kit','Rv 12','2017-05-17 16:19:53','','Lviv',NULL,'23,7','15,2','Intel(R) Core(TM) i7-4770 CPU @ 3.40GHz',1,8,0,0),('lviv-render-027',0,'99',99,'VRaySpawner 2014=1;VRaySpawner 2016=1;BACKBURNER_SRV_200=1;DR_Corona=1;VRaySpawner 2017=4;=notfound;','192.168.0.77','n.kit','Rv 12','2017-05-17 16:19:52','','Lviv',NULL,'23,7','14,9','Intel(R) Core(TM) i7-4770 CPU @ 3.40GHz',1,8,0,0),('lviv-render-028',0,'100',100,'VRaySpawner 2014=1;VRaySpawner 2016=1;BACKBURNER_SRV_200=1;DR_Corona=1;VRaySpawner 2017=4;=notfound;','192.168.0.78','n.kit','Rv 12','2017-05-17 16:19:53','','Lviv',NULL,'23,7','14,6','Intel(R) Core(TM) i7-4770 CPU @ 3.40GHz',1,8,0,0),('lviv-render-029',0,'99',99,'VRaySpawner 2014=1;VRaySpawner 2016=1;BACKBURNER_SRV_200=1;DR_Corona=1;VRaySpawner 2017=4;=notfound;','192.168.0.79','n.kit','Rv 12','2017-05-17 16:19:55','','Lviv',NULL,'23,7','14,9','Intel(R) Core(TM) i7-4770 CPU @ 3.40GHz',1,8,0,0),('lviv-render-030',0,'99',99,'VRaySpawner 2014=1;VRaySpawner 2016=1;BACKBURNER_SRV_200=1;DR_Corona=1;VRaySpawner 2017=4;=notfound;','192.168.0.80','n.kit','Rv 12','2017-05-17 16:19:55','','Lviv',NULL,'23,7','14,2','Intel(R) Core(TM) i7-4770 CPU @ 3.40GHz',1,8,0,0),('lviv-render-031',0,'100',100,'VRaySpawner 2014=1;VRaySpawner 2016=1;BACKBURNER_SRV_200=1;DR_Corona=1;VRaySpawner 2017=4;=notfound;','192.168.0.81','n.kit','Rv 12','2017-05-17 16:19:56','','Lviv',NULL,'23,9','15,3','Intel(R) Core(TM) i7-4770 CPU @ 3.40GHz',1,8,0,0),('lviv-render-032',0,'100',100,'VRaySpawner 2014=1;VRaySpawner 2016=1;BACKBURNER_SRV_200=1;DR_Corona=1;VRaySpawner 2017=4;=notfound;','192.168.0.82','n.kit','Rv 12','2017-05-17 16:19:52','','Lviv',NULL,'23,7','14,8','Intel(R) Core(TM) i7-4770 CPU @ 3.40GHz',1,8,0,0),('lviv-render-033',0,'99',99,'VRaySpawner 2014=1;VRaySpawner 2016=1;BACKBURNER_SRV_200=1;DR_Corona=1;VRaySpawner 2017=4;=notfound;','192.168.0.83','n.kit','Rv 12','2017-05-17 16:19:57','','Lviv',NULL,'23,9','14,4','Intel(R) Core(TM) i7-4770 CPU @ 3.40GHz',1,8,0,0),('lviv-render-034',0,'99',99,'VRaySpawner 2014=1;VRaySpawner 2016=1;BACKBURNER_SRV_200=1;DR_Corona=1;VRaySpawner 2017=4;=notfound;','192.168.0.84','n.kit','Rv 12','2017-05-17 16:19:53','','Lviv',NULL,'95,9','83','Intel(R) Xeon(R) CPU E5-2630 v3 @ 2.40GHz',1,32,300,100),('max3d001',0,'21',0,'VRaySpawner 2014=1;VRaySpawner 2016=notfound;BACKBURNER_SRV_200=notfound;DR_Corona=notfound;VRaySpawner 2017=1;=notfound;','192.168.0.186',NULL,NULL,'2017-05-17 16:19:54','ArchViz','Workstation','Workstation v.kamenetskiy','31,9','19,3','Intel(R) Core(TM) i7-4770 CPU @ 3.40GHz',0,1,0,0),('max3d009',0,'47',0,'VRaySpawner 2014=1;VRaySpawner 2016=notfound;BACKBURNER_SRV_200=notfound;DR_Corona=notfound;VRaySpawner 2017=1;=notfound;','192.168.0.163',NULL,NULL,'2017-05-17 16:19:55','ArchViz','Workstation','Workstation o.labintsev','32','18,6','Intel(R) Core(TM) i7-2600 CPU @ 3.40GHz',0,1,0,0),('max3d013',0,'100',0,'VRaySpawner 2014=1;VRaySpawner 2016=notfound;BACKBURNER_SRV_200=notfound;DR_Corona=notfound;VRaySpawner 2017=1;=notfound;','192.168.0.198',NULL,NULL,'2017-05-17 16:19:56','ArchViz','Workstation','Workstation i.bodak','31,9','21,5','Intel(R) Core(TM) i7-4770 CPU @ 3.40GHz',0,1,0,0),('max3d014',0,'0',0,'VRaySpawner 2014=1;VRaySpawner 2016=1;BACKBURNER_SRV_200=1;DR_Corona=1;VRaySpawner 2017=1;=notfound;','192.168.0.149',NULL,NULL,'2017-05-16 15:19:02','ArchViz','Workstation','Workstation n.kit','31.9','25.5','Intel(R) Core(TM) i7-4790 CPU @ 3.60GHz',0,8,0,0),('max3d015',0,'6',0,'VRaySpawner 2014=1;VRaySpawner 2016=1;BACKBURNER_SRV_200=4;DR_Corona=1;VRaySpawner 2017=1;=notfound;','192.168.0.146',NULL,NULL,'2017-05-17 14:16:28','ArchViz','Workstation','Workstation d.klishch','32','29,2','Intel(R) Core(TM) i7-3770 CPU @ 3.40GHz',0,1,0,0),('max3d016',0,'7',0,'VRaySpawner 2014=4;VRaySpawner 2016=notfound;BACKBURNER_SRV_200=notfound;DR_Corona=notfound;VRaySpawner 2017=1;=notfound;','192.168.0.166',NULL,NULL,'2017-05-17 16:19:57','ArchViz','Workstation','Workstation o.olshanskyi','31.9','17.6','Intel(R) Core(TM) i7-4770S CPU @ 3.10GHz',0,1,0,0),('max3d017',0,'18',0,'VRaySpawner 2014=1;VRaySpawner 2016=1;BACKBURNER_SRV_200=4;DR_Corona=1;VRaySpawner 2017=1;=notfound;','192.168.0.158',NULL,NULL,'2017-05-17 16:19:55','ArchViz','Workstation','Workstation a.mikitjuk','31,9','18,3','Intel(R) Core(TM) i7-4770 CPU @ 3.40GHz',0,1,0,0),('max3d026',0,'0',0,'VRaySpawner 2014=notfound;VRaySpawner 2016=1;BACKBURNER_SRV_200=notfound;DR_Corona=notfound;VRaySpawner 2017=notfound;=notfound;','192.168.0.160',NULL,NULL,'2017-05-17 14:14:09','ArchViz','Workstation','Workstation v.lukyanenko','15.9','8','Intel(R) Core(TM) i5-4670 CPU @ 3.40GHz',0,4,0,0),('max3d031',0,'1',0,'VRaySpawner 2014=1;VRaySpawner 2016=1;BACKBURNER_SRV_200=4;DR_Corona=1;VRaySpawner 2017=1;=notfound;','192.168.0.157',NULL,NULL,'2017-05-17 16:19:52','ArchViz','Workstation','Workstation a.samson','31.9','21.6','Intel(R) Core(TM) i7-4770 CPU @ 3.40GHz',0,1,0,0),('max3d032',0,'9',0,'VRaySpawner 2014=1;VRaySpawner 2016=1;BACKBURNER_SRV_200=4;DR_Corona=1;VRaySpawner 2017=1;=notfound;','192.168.0.171',NULL,NULL,'2017-05-17 16:19:55','ArchViz','Workstation','Workstation o.kosyanchuk','31,9','28,1','Intel(R) Core(TM) i7-4770 CPU @ 3.40GHz',0,1,0,0),('max3d033',0,'10',0,'VRaySpawner 2014=1;VRaySpawner 2016=1;BACKBURNER_SRV_200=4;DR_Corona=1;VRaySpawner 2017=1;=notfound;','192.168.0.148',NULL,NULL,'2017-05-17 16:19:54','ArchViz','Workstation','Workstation v.shovkoplyas','32','19,4','Intel(R) Core(TM) i7-3770 CPU @ 3.40GHz',0,1,0,0),('max3d037',0,'21',0,'VRaySpawner 2014=4;VRaySpawner 2016=notfound;BACKBURNER_SRV_200=notfound;DR_Corona=notfound;VRaySpawner 2017=1;=notfound;','192.168.0.167',NULL,NULL,'2017-05-17 16:19:53','ArchViz','Workstation','Workstation a.chupryna','32','22,1','Intel(R) Core(TM) i7-2600K CPU @ 3.40GHz',0,1,0,0),('max3d038',0,'13',0,'VRaySpawner 2014=1;VRaySpawner 2016=notfound;BACKBURNER_SRV_200=notfound;DR_Corona=notfound;VRaySpawner 2017=1;=notfound;','192.168.0.203',NULL,NULL,'2017-05-17 16:19:52','ArchViz','Workstation','Workstation v.zabolotniy','31,9','19,8','Intel(R) Core(TM) i7-4770 CPU @ 3.40GHz',0,1,0,0),('max3d22',0,'17',0,'VRaySpawner 2014=notfound;VRaySpawner 2016=notfound;BACKBURNER_SRV_200=4;DR_Corona=1;VRaySpawner 2017=notfound;=notfound;','192.168.0.111',NULL,NULL,'2017-05-17 16:19:52','ArchViz','Workstation','Workstation y.bojyk','31,9','13,6','Intel(R) Core(TM) i7-4770 CPU @ 3.40GHz',0,1,0,0),('oslo-render-001',0,'0',0,'VRaySpawner 2014=1;VRaySpawner 2016=1;BACKBURNER_SRV_200=4;DR_Corona=notfound;VRaySpawner 2017=1;=notfound;','192.168.4.115',NULL,NULL,'2017-05-17 16:19:56','','Oslo',NULL,'24','20,4','Intel(R) Core(TM) i7-3930K CPU @ 3.20GHz',1,12,0,0),('oslo-render-002',0,'0',0,'VRaySpawner 2014=1;VRaySpawner 2016=1;BACKBURNER_SRV_200=4;DR_Corona=notfound;VRaySpawner 2017=1;=notfound;','192.168.4.114',NULL,NULL,'2017-05-17 16:19:52','','Oslo',NULL,'24','20,6','Intel(R) Core(TM) i7-3930K CPU @ 3.20GHz',1,12,0,0),('OSLO-RENDER-003',0,'12',0,'VRaySpawner 2014=1;VRaySpawner 2016=1;BACKBURNER_SRV_200=4;DR_Corona=notfound;VRaySpawner 2017=1;=notfound;','192.168.4.111',NULL,NULL,'2017-05-11 13:23:30',NULL,'Oslo',NULL,'24','20,8','Intel(R) Core(TM) i7-3930K CPU @ 3.20GHz',1,1,0,0),('oslo-render-004',0,'0',0,'VRaySpawner 2014=1;VRaySpawner 2016=1;BACKBURNER_SRV_200=4;DR_Corona=notfound;VRaySpawner 2017=1;=notfound;','192.168.4.124',NULL,NULL,'2017-05-17 16:19:56','','Oslo',NULL,'7,7','6,9','Intel(R) Core(TM) i7-3770K CPU @ 3.50GHz',1,8,0,0),('oslo-render-005',0,'0',0,'VRaySpawner 2014=1;VRaySpawner 2016=1;BACKBURNER_SRV_200=4;DR_Corona=notfound;VRaySpawner 2017=1;=notfound;','192.168.4.123',NULL,NULL,'2017-05-17 16:19:56','','Oslo',NULL,'32','28,1','Intel(R) Core(TM) i7 CPU 870@ 2.93GHz',1,8,0,0),('svg-render-001',0,'0',0,'VRaySpawner 2014=1;VRaySpawner 2016=1;BACKBURNER_SRV_200=4;DR_Corona=notfound;VRaySpawner 2017=1;=notfound;','192.168.1.71',NULL,NULL,'2017-05-17 16:19:57','','Stavanger',NULL,'24','19.6','Intel(R) Xeon(R) CPU X5650@ 2.67GHz',1,24,0,0),('svg-render-002',0,'0',0,'VRaySpawner 2014=1;VRaySpawner 2016=1;BACKBURNER_SRV_200=4;DR_Corona=notfound;VRaySpawner 2017=1;=notfound;','192.168.1.72',NULL,NULL,'2017-05-17 16:19:57','','Stavanger',NULL,'24','19.8','Intel(R) Xeon(R) CPU X5650@ 2.67GHz',1,24,0,0),('svg-render-003',0,'0',0,'VRaySpawner 2014=1;VRaySpawner 2016=1;BACKBURNER_SRV_200=4;DR_Corona=notfound;VRaySpawner 2017=1;=notfound;','192.168.1.73',NULL,NULL,'2017-05-17 16:19:52','','Stavanger',NULL,'24','19.5','Intel(R) Xeon(R) CPU X5650@ 2.67GHz',1,1,0,0),('svg-render-004',0,'0',0,'VRaySpawner 2014=1;VRaySpawner 2016=1;BACKBURNER_SRV_200=4;DR_Corona=notfound;VRaySpawner 2017=1;=notfound;','192.168.1.74',NULL,NULL,'2017-05-17 16:19:54','','Stavanger',NULL,'24','19.6','Intel(R) Xeon(R) CPU X5650@ 2.67GHz',1,1,0,0),('svg-render-005',0,'0',0,'VRaySpawner 2014=1;VRaySpawner 2016=1;BACKBURNER_SRV_200=4;DR_Corona=notfound;VRaySpawner 2017=1;=notfound;','192.168.1.75',NULL,NULL,'2017-05-17 16:19:54','','Stavanger',NULL,'24','19.3','Intel(R) Xeon(R) CPU X5650@ 2.67GHz',1,1,0,0),('svg-render-006',0,'0',0,'VRaySpawner 2014=1;VRaySpawner 2016=1;BACKBURNER_SRV_200=4;DR_Corona=notfound;VRaySpawner 2017=1;=notfound;','192.168.1.76',NULL,NULL,'2017-05-17 16:19:54','','Stavanger',NULL,'24','19.8','Intel(R) Xeon(R) CPU X5650@ 2.67GHz',1,1,0,0),('svg-render-007',0,'0',0,'VRaySpawner 2014=1;VRaySpawner 2016=1;BACKBURNER_SRV_200=4;DR_Corona=notfound;VRaySpawner 2017=1;=notfound;','192.168.1.77',NULL,NULL,'2017-05-17 16:19:54','','Stavanger',NULL,'24','19.7','Intel(R) Xeon(R) CPU X5650@ 2.67GHz',1,1,0,0),('svg-render-008',0,'0',0,'VRaySpawner 2014=1;VRaySpawner 2016=1;BACKBURNER_SRV_200=4;DR_Corona=notfound;VRaySpawner 2017=1;=notfound;','192.168.1.78',NULL,NULL,'2017-05-17 16:19:57','','Stavanger',NULL,'24','19.7','Intel(R) Xeon(R) CPU X5650@ 2.67GHz',1,1,0,0),('svg-render-009',0,'0',0,'VRaySpawner 2014=1;VRaySpawner 2016=1;BACKBURNER_SRV_200=4;DR_Corona=notfound;VRaySpawner 2017=1;=notfound;','192.168.1.79',NULL,NULL,'2017-05-17 16:19:56','','Stavanger',NULL,'24','19,8','Intel(R) Xeon(R) CPU X5650@ 2.67GHz',1,1,0,0),('svg-render-010',0,'0',0,'VRaySpawner 2014=1;VRaySpawner 2016=1;BACKBURNER_SRV_200=4;DR_Corona=notfound;VRaySpawner 2017=1;=notfound;','192.168.1.80',NULL,NULL,'2017-05-17 16:19:52','','Stavanger',NULL,'24','19.6','Intel(R) Xeon(R) CPU X5650@ 2.67GHz',1,1,0,0),('svg-render-011',0,'0',0,'VRaySpawner 2014=1;VRaySpawner 2016=1;BACKBURNER_SRV_200=4;DR_Corona=notfound;VRaySpawner 2017=1;=notfound;','192.168.1.81',NULL,NULL,'2017-05-17 16:19:53','','Stavanger',NULL,'24','19.4','Intel(R) Xeon(R) CPU X5650@ 2.67GHz',1,1,0,0),('svg-render-012',0,'0',0,'VRaySpawner 2014=1;VRaySpawner 2016=1;BACKBURNER_SRV_200=4;DR_Corona=notfound;VRaySpawner 2017=1;=notfound;','192.168.1.82',NULL,NULL,'2017-05-17 16:19:54','','Stavanger',NULL,'24','19.5','Intel(R) Xeon(R) CPU X5650@ 2.67GHz',1,1,0,0),('svg-render-013',0,'0',0,'VRaySpawner 2014=1;VRaySpawner 2016=1;BACKBURNER_SRV_200=4;DR_Corona=notfound;VRaySpawner 2017=1;=notfound;','192.168.1.83',NULL,NULL,'2017-05-17 16:19:53','','Stavanger',NULL,'24','19.6','Intel(R) Xeon(R) CPU X5650@ 2.67GHz',1,1,0,0),('svg-render-014',0,'0',0,'VRaySpawner 2014=1;VRaySpawner 2016=1;BACKBURNER_SRV_200=4;DR_Corona=notfound;VRaySpawner 2017=1;=notfound;','192.168.1.84',NULL,NULL,'2017-05-17 16:19:52','','Stavanger',NULL,'20','15.4','Intel(R) Xeon(R) CPU X5650@ 2.67GHz',1,1,0,0),('svg-render-015',0,'0',0,'VRaySpawner 2014=1;VRaySpawner 2016=1;BACKBURNER_SRV_200=4;DR_Corona=notfound;VRaySpawner 2017=1;=notfound;','192.168.1.85',NULL,NULL,'2017-05-17 16:19:57','','Stavanger',NULL,'24','20.1','Intel(R) Xeon(R) CPU X5650@ 2.67GHz',1,1,0,0),('svg-render-016',0,'0',0,'VRaySpawner 2014=1;VRaySpawner 2016=1;BACKBURNER_SRV_200=4;DR_Corona=notfound;VRaySpawner 2017=1;=notfound;','192.168.1.86',NULL,NULL,'2017-05-17 16:19:57','','Stavanger',NULL,'24','19.3','Intel(R) Xeon(R) CPU X5650@ 2.67GHz',1,1,0,100);
/*!40000 ALTER TABLE `dr` ENABLE KEYS */;
UNLOCK TABLES;

--
-- Table structure for table `global`
--

DROP TABLE IF EXISTS `global`;
/*!40101 SET @saved_cs_client     = @@character_set_client */;
/*!40101 SET character_set_client = utf8 */;
CREATE TABLE `global` (
  `name` varchar(45) NOT NULL,
  `value` varchar(255) DEFAULT NULL,
  PRIMARY KEY (`name`)
) ENGINE=InnoDB DEFAULT CHARSET=utf8;
/*!40101 SET character_set_client = @saved_cs_client */;

--
-- Dumping data for table `global`
--

LOCK TABLES `global` WRITE;
/*!40000 ALTER TABLE `global` DISABLE KEYS */;
INSERT INTO `global` VALUES ('email','0'),('idle','60'),('message','Offline'),('notify','2'),('status','1');
/*!40000 ALTER TABLE `global` ENABLE KEYS */;
UNLOCK TABLES;

--
-- Table structure for table `groups`
--

DROP TABLE IF EXISTS `groups`;
/*!40101 SET @saved_cs_client     = @@character_set_client */;
/*!40101 SET character_set_client = utf8 */;
CREATE TABLE `groups` (
  `id` int(11) NOT NULL AUTO_INCREMENT,
  `name` varchar(100) DEFAULT NULL,
  `status` int(11) DEFAULT '1',
  `sort` int(11) DEFAULT NULL,
  PRIMARY KEY (`id`)
) ENGINE=InnoDB AUTO_INCREMENT=6 DEFAULT CHARSET=utf8;
/*!40101 SET character_set_client = @saved_cs_client */;

--
-- Dumping data for table `groups`
--

LOCK TABLES `groups` WRITE;
/*!40000 ALTER TABLE `groups` DISABLE KEYS */;
INSERT INTO `groups` VALUES (4,'ArchViz',0,NULL);
/*!40000 ALTER TABLE `groups` ENABLE KEYS */;
UNLOCK TABLES;

--
-- Table structure for table `offices`
--

DROP TABLE IF EXISTS `offices`;
/*!40101 SET @saved_cs_client     = @@character_set_client */;
/*!40101 SET character_set_client = utf8 */;
CREATE TABLE `offices` (
  `id` int(11) NOT NULL AUTO_INCREMENT,
  `name` varchar(100) DEFAULT NULL,
  `sort` int(11) DEFAULT '0',
  `status` int(11) DEFAULT '0',
  PRIMARY KEY (`id`)
) ENGINE=InnoDB AUTO_INCREMENT=16 DEFAULT CHARSET=utf8;
/*!40101 SET character_set_client = @saved_cs_client */;

--
-- Dumping data for table `offices`
--

LOCK TABLES `offices` WRITE;
/*!40000 ALTER TABLE `offices` DISABLE KEYS */;
INSERT INTO `offices` VALUES (10,'Lviv',1,0),(11,'Oslo',5,0),(12,'Koningsberg',4,0),(13,'Stavanger',3,0),(14,'Workstation',2,0);
/*!40000 ALTER TABLE `offices` ENABLE KEYS */;
UNLOCK TABLES;

--
-- Table structure for table `services`
--

DROP TABLE IF EXISTS `services`;
/*!40101 SET @saved_cs_client     = @@character_set_client */;
/*!40101 SET character_set_client = utf8 */;
CREATE TABLE `services` (
  `id` int(11) NOT NULL AUTO_INCREMENT,
  `name` varchar(255) DEFAULT NULL,
  `status` int(11) NOT NULL DEFAULT '0',
  `sort` int(11) DEFAULT '0',
  PRIMARY KEY (`id`)
) ENGINE=InnoDB AUTO_INCREMENT=16 DEFAULT CHARSET=utf8;
/*!40101 SET character_set_client = @saved_cs_client */;

--
-- Dumping data for table `services`
--

LOCK TABLES `services` WRITE;
/*!40000 ALTER TABLE `services` DISABLE KEYS */;
INSERT INTO `services` VALUES (1,'VRaySpawner 2014',0,1),(2,'VRaySpawner 2016',0,2),(8,'BACKBURNER_SRV_200',0,5),(9,'DR_Corona',0,4),(11,'VRaySpawner 2017',0,3);
/*!40000 ALTER TABLE `services` ENABLE KEYS */;
UNLOCK TABLES;

--
-- Table structure for table `statistic_nodeusage`
--

DROP TABLE IF EXISTS `statistic_nodeusage`;
/*!40101 SET @saved_cs_client     = @@character_set_client */;
/*!40101 SET character_set_client = utf8 */;
CREATE TABLE `statistic_nodeusage` (
  `id` int(11) NOT NULL AUTO_INCREMENT,
  `name` varchar(255) DEFAULT NULL,
  `ip` varchar(45) DEFAULT NULL,
  `totaltime` int(11) DEFAULT '0',
  `cpu` int(11) DEFAULT NULL,
  `updated` int(11) DEFAULT NULL,
  `date` date DEFAULT NULL,
  `office` varchar(255) DEFAULT NULL,
  `rendkw` int(11) DEFAULT '0',
  `idlekw` int(11) DEFAULT '0',
  PRIMARY KEY (`id`)
) ENGINE=InnoDB AUTO_INCREMENT=3256 DEFAULT CHARSET=utf8;
/*!40101 SET character_set_client = @saved_cs_client */;

--
-- Dumping data for table `statistic_nodeusage`
--

LOCK TABLES `statistic_nodeusage` WRITE;
/*!40000 ALTER TABLE `statistic_nodeusage` DISABLE KEYS */;
INSERT INTO `statistic_nodeusage` VALUES (3102,'lviv-render-014','192.168.0.64',35849,0,1494971998,'2017-05-16','Lviv',250,100),(3103,'kng-render-005','192.168.3.120',9627,0,1494971998,'2017-05-16','Koningsberg',250,100),(3104,'lviv-render-015','192.168.0.65',35750,0,1494971994,'2017-05-16','Lviv',250,100),(3105,'lviv-render-001','192.168.0.51',22192,0,1494971997,'2017-05-16','Lviv',250,100),(3106,'svg-render-003','192.168.1.73',28369,0,1494971995,'2017-05-16','Stavanger',250,100),(3107,'kng-render-006','192.168.3.119',9672,0,1494971997,'2017-05-16','Koningsberg',250,100),(3108,'svg-render-014','192.168.1.84',0,0,1494971999,'2017-05-16','Stavanger',250,100),(3109,'lviv-render-018','192.168.0.68',35884,0,1494971994,'2017-05-16','Lviv',250,100),(3110,'lviv-render-030','192.168.0.80',23645,0,1494971998,'2017-05-16','Lviv',250,100),(3111,'lviv-render-006','192.168.0.56',25552,0,1494971995,'2017-05-16','Lviv',250,100),(3112,'lviv-render-009','192.168.0.59',30692,0,1494971996,'2017-05-16','Lviv',250,100),(3113,'kng-render-008','192.168.3.117',9463,0,1494971999,'2017-05-16','Koningsberg',250,100),(3114,'lviv-render-016','192.168.0.66',35850,0,1494971994,'2017-05-16','Lviv',250,100),(3115,'svg-render-009','192.168.1.79',28541,0,1494971996,'2017-05-16','Stavanger',250,100),(3116,'svg-render-005','192.168.1.75',28419,0,1494971994,'2017-05-16','Stavanger',250,100),(3117,'svg-render-006','192.168.1.76',27721,0,1494971996,'2017-05-16','Stavanger',250,100),(3118,'svg-render-010','192.168.1.80',27605,0,1494971994,'2017-05-16','Stavanger',250,100),(3119,'lviv-render-010','192.168.0.60',36229,0,1494971996,'2017-05-16','Lviv',250,100),(3120,'lviv-render-020','192.168.0.70',36296,0,1494971995,'2017-05-16','Lviv',250,100),(3121,'lviv-render-022','192.168.0.72',35824,0,1494971994,'2017-05-16','Lviv',250,100),(3122,'lviv-render-002','192.168.0.52',21771,0,1494971999,'2017-05-16','Lviv',250,100),(3123,'oslo-render-005','192.168.4.123',9253,0,1494971998,'2017-05-16','Oslo',250,100),(3124,'lviv-render-021','192.168.0.71',36389,0,1494971994,'2017-05-16','Lviv',250,100),(3125,'svg-render-012','192.168.1.82',28337,0,1494971995,'2017-05-16','Stavanger',250,100),(3126,'max3d032','192.168.0.171',850,0,1494951693,'2017-05-16','Workstation',250,100),(3127,'lviv-render-019','192.168.0.69',36289,0,1494971997,'2017-05-16','Lviv',250,100),(3128,'max3d031','192.168.0.157',4357,2,1494971997,'2017-05-16','Workstation',250,100),(3129,'svg-render-004','192.168.1.74',28340,0,1494971994,'2017-05-16','Stavanger',250,100),(3130,'svg-render-002','192.168.1.72',27713,0,1494971997,'2017-05-16','Stavanger',250,100),(3131,'svg-render-011','192.168.1.81',28323,0,1494971997,'2017-05-16','Stavanger',250,100),(3132,'svg-render-015','192.168.1.85',28555,0,1494971998,'2017-05-16','Stavanger',250,100),(3133,'lviv-render-008','192.168.0.58',36264,0,1494971999,'2017-05-16','Lviv',250,100),(3134,'lviv-render-012','192.168.0.62',36120,0,1494971995,'2017-05-16','Lviv',250,100),(3135,'lviv-render-017','192.168.0.67',35729,0,1494971997,'2017-05-16','Lviv',250,100),(3136,'lviv-render-026','192.168.0.76',36039,0,1494971996,'2017-05-16','Lviv',250,100),(3137,'svg-render-001','192.168.1.71',28539,0,1494971998,'2017-05-16','Stavanger',250,100),(3138,'lviv-render-023','192.168.0.73',36210,0,1494971995,'2017-05-16','Lviv',250,100),(3139,'oslo-render-004','192.168.4.124',9200,0,1494971997,'2017-05-16','Oslo',250,100),(3140,'lviv-render-027','192.168.0.77',28477,0,1494971997,'2017-05-16','Lviv',250,100),(3141,'kng-render-002','192.168.3.123',9660,0,1494971998,'2017-05-16','Koningsberg',250,100),(3142,'svg-render-007','192.168.1.77',27767,0,1494971995,'2017-05-16','Stavanger',250,100),(3143,'oslo-render-001','192.168.4.115',9036,0,1494971994,'2017-05-16','Oslo',250,100),(3144,'lviv-render-003','192.168.0.53',33118,0,1494971995,'2017-05-16','Lviv',250,100),(3145,'lviv-render-011','192.168.0.61',32732,0,1494971999,'2017-05-16','Lviv',250,100),(3146,'oslo-render-002','192.168.4.114',9244,0,1494971994,'2017-05-16','Oslo',250,100),(3147,'svg-render-013','192.168.1.83',28497,0,1494971997,'2017-05-16','Stavanger',250,100),(3148,'kng-render-003','192.168.3.122',9593,0,1494971994,'2017-05-16','Koningsberg',250,100),(3149,'lviv-render-032','192.168.0.82',23685,0,1494971996,'2017-05-16','Lviv',250,100),(3150,'lviv-render-004','192.168.0.54',29827,0,1494971996,'2017-05-16','Lviv',250,100),(3151,'svg-render-008','192.168.1.78',27585,0,1494971999,'2017-05-16','Stavanger',250,100),(3152,'kng-render-004','192.168.3.121',9398,0,1494971999,'2017-05-16','Koningsberg',250,100),(3153,'svg-render-016','192.168.1.86',27762,0,1494971997,'2017-05-16','Stavanger',250,100),(3154,'lviv-render-029','192.168.0.79',28480,0,1494971995,'2017-05-16','Lviv',250,100),(3155,'lviv-renamd-002','192.168.0.114',16282,0,1494971995,'2017-05-16','Lviv',250,100),(3156,'kng-render-007','192.168.3.118',9714,0,1494971994,'2017-05-16','Koningsberg',250,100),(3157,'lviv-render-024','192.168.0.74',36147,0,1494971998,'2017-05-16','Lviv',250,100),(3158,'lviv-render-013','192.168.0.63',36144,0,1494971999,'2017-05-16','Lviv',250,100),(3159,'lviv-render-033','192.168.0.83',31973,0,1494971996,'2017-05-16','Lviv',250,100),(3160,'lviv-render-028','192.168.0.78',28505,0,1494971997,'2017-05-16','Lviv',250,100),(3161,'lviv-render-031','192.168.0.81',31848,0,1494971999,'2017-05-16','Lviv',250,100),(3162,'max3d016','192.168.0.166',24028,0,1494971997,'2017-05-16','Workstation',250,100),(3163,'lviv-render-005','192.168.0.55',33119,0,1494971998,'2017-05-16','Lviv',250,100),(3164,'lviv-renamd-001','192.168.0.115',16253,0,1494971997,'2017-05-16','Lviv',250,100),(3165,'max3d015','192.168.0.146',32549,5,1494971998,'2017-05-16','Workstation',250,100),(3166,'max3d013','192.168.0.198',34233,100,1494971995,'2017-05-16','Workstation',250,100),(3167,'lviv-render-034','192.168.0.84',34892,0,1494971999,'2017-05-16','Lviv',300,100),(3168,'lviv-render-025','192.168.0.75',36107,0,1494971995,'2017-05-16','Lviv',250,100),(3169,'max3d22','192.168.0.111',1163,14,1494971999,'2017-05-16','Workstation',250,100),(3170,'lviv-render-007','192.168.0.57',23425,0,1494971994,'2017-05-16','Lviv',250,100),(3171,'max3d009','192.168.0.163',4995,0,1494947613,'2017-05-16','Workstation',250,100),(3172,'max3d037','192.168.0.167',6724,0,1494971997,'2017-05-16','Workstation',250,100),(3173,'max3d017','192.168.0.158',36,2,1494971999,'2017-05-16','Workstation',250,100),(3174,'max3d001','192.168.0.186',0,0,1494971997,'2017-05-16','Workstation',250,100),(3175,'max3d033','192.168.0.148',120,2,1494949330,'2017-05-16','Workstation',250,100),(3176,'max3d038','192.168.0.203',5361,0,1494971996,'2017-05-16','Workstation',250,100),(3177,'max3d014','192.168.0.149',0,0,1494940742,'2017-05-16','Workstation',NULL,0),(3178,'svg-render-010','192.168.1.80',1841,0,1495030792,'2017-05-17','Stavanger',250,100),(3179,'kng-render-007','192.168.3.118',1868,0,1495030793,'2017-05-17','Koningsberg',250,100),(3180,'lviv-render-021','192.168.0.71',23811,100,1495030792,'2017-05-17','Lviv',250,100),(3181,'lviv-render-015','192.168.0.65',23656,100,1495030794,'2017-05-17','Lviv',250,100),(3182,'kng-render-003','192.168.3.122',1902,0,1495030795,'2017-05-17','Koningsberg',250,100),(3183,'oslo-render-002','192.168.4.114',1913,0,1495030792,'2017-05-17','Oslo',250,100),(3184,'lviv-render-022','192.168.0.72',23660,99,1495030797,'2017-05-17','Lviv',250,100),(3185,'svg-render-004','192.168.1.74',1749,0,1495030794,'2017-05-17','Stavanger',250,100),(3186,'svg-render-005','192.168.1.75',1786,0,1495030794,'2017-05-17','Stavanger',250,100),(3187,'lviv-render-016','192.168.0.66',23430,99,1495030795,'2017-05-17','Lviv',250,100),(3188,'lviv-render-018','192.168.0.68',23620,99,1495030794,'2017-05-17','Lviv',250,100),(3189,'lviv-render-007','192.168.0.57',9146,99,1495030793,'2017-05-17','Lviv',250,100),(3190,'oslo-render-001','192.168.4.115',1880,0,1495030796,'2017-05-17','Oslo',250,100),(3191,'max3d013','192.168.0.198',33683,100,1495030796,'2017-05-17','Workstation',250,100),(3192,'lviv-render-020','192.168.0.70',23819,99,1495030793,'2017-05-17','Lviv',250,100),(3193,'lviv-render-006','192.168.0.56',9120,99,1495030795,'2017-05-17','Lviv',250,100),(3194,'lviv-render-023','192.168.0.73',23549,99,1495030793,'2017-05-17','Lviv',250,100),(3195,'lviv-render-029','192.168.0.79',23827,99,1495030795,'2017-05-17','Lviv',250,100),(3196,'lviv-render-025','192.168.0.75',23549,99,1495030794,'2017-05-17','Lviv',250,100),(3197,'svg-render-012','192.168.1.82',1804,0,1495030794,'2017-05-17','Stavanger',250,100),(3198,'svg-render-007','192.168.1.77',1797,0,1495030794,'2017-05-17','Stavanger',250,100),(3200,'lviv-render-012','192.168.0.62',23572,100,1495030793,'2017-05-17','Lviv',250,100),(3201,'lviv-render-003','192.168.0.53',9083,99,1495030796,'2017-05-17','Lviv',250,100),(3202,'svg-render-003','192.168.1.73',1782,0,1495030792,'2017-05-17','Stavanger',250,100),(3203,'lviv-render-009','192.168.0.59',4813,0,1495030797,'2017-05-17','Lviv',250,100),(3204,'lviv-render-032','192.168.0.82',23523,100,1495030792,'2017-05-17','Lviv',250,100),(3205,'lviv-render-004','192.168.0.54',9153,99,1495030794,'2017-05-17','Lviv',250,100),(3206,'svg-render-006','192.168.1.76',1815,0,1495030794,'2017-05-17','Stavanger',250,100),(3207,'lviv-render-026','192.168.0.76',23688,99,1495030793,'2017-05-17','Lviv',250,100),(3208,'svg-render-009','192.168.1.79',1822,0,1495030796,'2017-05-17','Stavanger',250,100),(3209,'max3d038','192.168.0.203',0,13,1495030792,'2017-05-17','Workstation',250,100),(3210,'lviv-render-010','192.168.0.60',9099,99,1495030797,'2017-05-17','Lviv',250,100),(3211,'lviv-render-033','192.168.0.83',23766,99,1495030797,'2017-05-17','Lviv',250,100),(3213,'lviv-render-017','192.168.0.67',23563,99,1495030796,'2017-05-17','Lviv',250,100),(3214,'max3d001','192.168.0.186',0,21,1495030794,'2017-05-17','Workstation',250,100),(3215,'max3d037','192.168.0.167',162,21,1495030793,'2017-05-17','Workstation',250,100),(3216,'svg-render-002','192.168.1.72',1816,0,1495030797,'2017-05-17','Stavanger',250,100),(3217,'lviv-render-028','192.168.0.78',23626,100,1495030793,'2017-05-17','Lviv',250,100),(3218,'svg-render-013','192.168.1.83',1751,0,1495030793,'2017-05-17','Stavanger',250,100),(3219,'lviv-render-019','192.168.0.69',23616,99,1495030797,'2017-05-17','Lviv',250,100),(3220,'max3d031','192.168.0.157',928,1,1495030792,'2017-05-17','Workstation',250,100),(3221,'max3d016','192.168.0.166',6110,7,1495030797,'2017-05-17','Workstation',250,100),(3222,'oslo-render-004','192.168.4.124',1838,0,1495030796,'2017-05-17','Oslo',250,100),(3223,'svg-render-011','192.168.1.81',1760,0,1495030793,'2017-05-17','Stavanger',250,100),(3224,'lviv-render-027','192.168.0.77',23696,99,1495030792,'2017-05-17','Lviv',250,100),(3225,'kng-render-006','192.168.3.119',1875,0,1495030792,'2017-05-17','Koningsberg',250,100),(3226,'svg-render-016','192.168.1.86',1795,0,1495030797,'2017-05-17','Stavanger',250,100),(3227,'lviv-render-001','192.168.0.51',5097,99,1495030796,'2017-05-17','Lviv',250,100),(3228,'svg-render-015','192.168.1.85',1741,0,1495030797,'2017-05-17','Stavanger',250,100),(3229,'lviv-render-030','192.168.0.80',23458,99,1495030795,'2017-05-17','Lviv',250,100),(3230,'oslo-render-005','192.168.4.123',1901,0,1495030796,'2017-05-17','Oslo',250,100),(3231,'lviv-render-014','192.168.0.64',23858,99,1495030793,'2017-05-17','Lviv',250,100),(3232,'kng-render-002','192.168.3.123',1875,0,1495030793,'2017-05-17','Koningsberg',250,100),(3233,'lviv-render-024','192.168.0.74',23767,99,1495030794,'2017-05-17','Lviv',250,100),(3234,'svg-render-001','192.168.1.71',1746,0,1495030797,'2017-05-17','Stavanger',250,100),(3235,'lviv-render-005','192.168.0.55',9106,99,1495030794,'2017-05-17','Lviv',250,100),(3236,'kng-render-005','192.168.3.120',1874,0,1495030792,'2017-05-17','Koningsberg',250,100),(3237,'max3d015','192.168.0.146',6477,6,1495023388,'2017-05-17','Workstation',250,100),(3238,'lviv-render-008','192.168.0.58',9094,100,1495030793,'2017-05-17','Lviv',250,100),(3239,'svg-render-014','192.168.1.84',0,0,1495030792,'2017-05-17','Stavanger',250,100),(3240,'svg-render-008','192.168.1.78',1778,0,1495030797,'2017-05-17','Stavanger',250,100),(3241,'max3d017','192.168.0.158',6,18,1495030795,'2017-05-17','Workstation',250,100),(3242,'kng-render-008','192.168.3.117',1864,0,1495030792,'2017-05-17','Koningsberg',250,100),(3243,'lviv-render-031','192.168.0.81',23849,100,1495030796,'2017-05-17','Lviv',250,100),(3244,'lviv-render-013','192.168.0.63',23639,99,1495030744,'2017-05-17','Lviv',250,100),(3245,'max3d22','192.168.0.111',610,17,1495030792,'2017-05-17','Workstation',250,100),(3246,'kng-render-004','192.168.3.121',1891,0,1495030793,'2017-05-17','Koningsberg',250,100),(3247,'lviv-render-034','192.168.0.84',23596,99,1495030793,'2017-05-17','Lviv',300,100),(3248,'lviv-render-011','192.168.0.61',23482,100,1495030796,'2017-05-17','Lviv',250,100),(3249,'lviv-render-002','192.168.0.52',9212,99,1495030797,'2017-05-17','Lviv',250,100),(3250,'max3d032','192.168.0.171',108,9,1495030795,'2017-05-17','Workstation',250,100),(3251,'max3d033','192.168.0.148',3114,10,1495030794,'2017-05-17','Workstation',250,100),(3252,'max3d026','192.168.0.160',0,0,1495023249,'2017-05-17','Workstation',250,100),(3253,'max3d009','192.168.0.163',1757,47,1495030795,'2017-05-17','Workstation',250,100),(3254,'Lviv-renamd-002','192.168.0.114',0,0,1495030794,'2017-05-17','Lviv',250,100),(3255,'Lviv-renamd-001','192.168.0.115',0,0,1495030796,'2017-05-17','Lviv',250,100);
/*!40000 ALTER TABLE `statistic_nodeusage` ENABLE KEYS */;
UNLOCK TABLES;

--
-- Table structure for table `users`
--

DROP TABLE IF EXISTS `users`;
/*!40101 SET @saved_cs_client     = @@character_set_client */;
/*!40101 SET character_set_client = utf8 */;
CREATE TABLE `users` (
  `user` varchar(255) NOT NULL,
  `ip` varchar(45) NOT NULL,
  `pwd` varchar(255) NOT NULL,
  `lastnodes` varchar(1000) DEFAULT NULL,
  `rights` int(11) NOT NULL DEFAULT '0',
  `group` varchar(100) DEFAULT NULL,
  PRIMARY KEY (`user`)
) ENGINE=InnoDB DEFAULT CHARSET=utf8;
/*!40101 SET character_set_client = @saved_cs_client */;

--
-- Dumping data for table `users`
--

LOCK TABLES `users` WRITE;
/*!40000 ALTER TABLE `users` DISABLE KEYS */;
INSERT INTO `users` VALUES ('a.chupryna','192.168.0.167','22445e44c0a0a312b8987b60ab5779ff','192.168.0.52',0,'ArchViz'),('A.havrylin','193.84.22.46','22445e44c0a0a312b8987b60ab5779ff','192.168.3.123|192.168.3.122|192.168.3.121|192.168.3.120|192.168.3.119|192.168.3.118|192.168.3.117|192.168.4.115|192.168.4.114|192.168.4.124|192.168.4.123',0,'ArchViz'),('a.pavlyuk','','','192.168.0.61|192.168.0.62|192.168.0.63|192.168.0.64|192.168.0.65|192.168.0.66|192.168.0.69|192.168.0.68|192.168.0.67|192.168.0.70|192.168.0.71',0,''),('d.klishch','193.84.22.46','22445e44c0a0a312b8987b60ab5779ff','192.168.0.51|192.168.0.52|192.168.0.53|192.168.0.54|192.168.0.55|192.168.0.56|192.168.0.57|192.168.0.58|192.168.0.59|192.168.0.60',0,'ArchViz'),('e.astafiev','193.84.22.46','46295c07dd673555f8497e6161a2ca7e','192.168.0.115|192.168.0.114',1,'ArchViz'),('e.chernopiskyi','82.117.234.5','f7c40710caf0800d3d45d28798407938',NULL,0,''),('g.kupriychuk','192.168.0.155','22445e44c0a0a312b8987b60ab5779ff','192.168.0.51|192.168.0.52|192.168.0.53|192.168.0.54|192.168.0.55',0,''),('i.bodak','192.168.0.198','22445e44c0a0a312b8987b60ab5779ff','192.168.0.51|192.168.0.52|192.168.0.53|192.168.0.54|192.168.0.55|192.168.0.56|192.168.0.57|192.168.0.58|192.168.0.59|192.168.0.60',0,'ArchViz'),('i.koziy','','','192.168.0.51|192.168.0.52|192.168.0.53|192.168.0.54|192.168.0.55|192.168.0.56|192.168.0.57|192.168.0.58|192.168.0.59|192.168.0.60',0,''),('jrender','192.168.0.84','c4ca4238a0b923820dcc509a6f75849b','192.168.0.51|192.168.0.52|192.168.0.53|192.168.0.54|192.168.0.55|192.168.0.56|192.168.0.57|192.168.0.58|192.168.0.59|192.168.0.63|192.168.0.64|192.168.0.65|192.168.0.66|192.168.0.62|192.168.0.61|192.168.0.60|192.168.0.67|192.168.0.68|192.168.0.69|192.168.0.70|192.168.0.81|192.168.0.82|192.168.0.80|192.168.0.79|192.168.0.72|192.168.0.73|192.168.0.74|192.168.0.75|192.168.0.76|192.168.0.77|192.168.0.78|192.168.0.84|192.168.0.83',0,''),('k.marev','193.84.22.46','22445e44c0a0a312b8987b60ab5779ff','192.168.3.123|192.168.3.122',0,''),('le.eide','192.168.1.1','025af11703a50b74034db74349f49d3f',NULL,0,''),('n.kit','193.84.22.46','d8578edf8458ce06fbc5bb76a58c5ca4','192.168.0.51|192.168.0.52|192.168.0.53|192.168.0.54|192.168.0.55|192.168.0.56|192.168.0.57|192.168.0.58|192.168.0.59|192.168.0.60|192.168.0.61|192.168.0.62|192.168.0.63|192.168.0.64|192.168.0.65|192.168.0.66|192.168.0.67|192.168.0.68|192.168.0.69|192.168.0.70|192.168.0.71|192.168.0.72|192.168.0.73|192.168.0.74|192.168.0.75|192.168.0.76|192.168.0.77|192.168.0.78|192.168.0.79|192.168.0.80|192.168.0.81|192.168.0.82|192.168.0.83|192.168.0.84',1,'ArchViz'),('o.berget','80.241.87.210','2af9b1ba42dc5eb01743e6b3759b6e4b',NULL,0,''),('o.brahammar','80.241.87.210','c624f545017b8b34f7f81764e09c73ad',NULL,0,NULL),('o.kosyanchuk','193.84.22.46','b5f09223940fecfece73a298045ee267','192.168.1.80|192.168.1.81|192.168.1.75',0,''),('o.labintsev','193.84.22.46','22445e44c0a0a312b8987b60ab5779ff','192.168.0.78|192.168.0.79|192.168.0.80|192.168.0.81|192.168.0.82|192.168.0.83|192.168.0.84',0,'ArchViz'),('o.olshanskyi','193.84.22.46','22445e44c0a0a312b8987b60ab5779ff','192.168.0.51|192.168.0.52|192.168.0.53|192.168.0.54|192.168.0.55|192.168.0.56',0,''),('o.stasevych','192.168.0.139','0a721eb4617ef5a81f66a46b932bc5c6','192.168.0.57|192.168.0.58|192.168.0.59|192.168.0.60|192.168.0.61|192.168.0.62|192.168.0.63|192.168.0.64|192.168.0.65|192.168.0.66|192.168.0.71|192.168.0.72|192.168.0.73',0,''),('o.stray','','',NULL,0,NULL),('r.khomyn','193.84.22.46','f70d668f0d51d10c18c39ebba2b5e82a',NULL,1,''),('r.stray','','',NULL,0,NULL),('s.timonov','','','192.168.0.51|192.168.0.53|192.168.0.52|192.168.0.54|192.168.0.55',0,''),('v.lukyanenko','193.84.22.46','c4ca4238a0b923820dcc509a6f75849b','192.168.0.51',1,'ArchViz'),('v.melnykovych','193.84.22.46','a160f3129b419e3d179b2cd309c4b4c1','192.168.0.57',1,'ArchViz'),('v.terletskyi','92.112.225.3','46295c07dd673555f8497e6161a2ca7e','192.168.0.51|192.168.0.52',0,'ArchViz'),('v.zabolotnyi','192.168.0.134','1a78531add46af6c780fc542e5a36f82','192.168.0.81|192.168.0.80|192.168.0.79|192.168.0.78|192.168.0.77|192.168.0.76|192.168.0.75|192.168.0.74|192.168.0.73|192.168.0.72|192.168.0.71|192.168.0.70|192.168.0.69|192.168.0.68|192.168.0.67|192.168.0.66|192.168.0.65|192.168.0.64|192.168.0.62|192.168.0.61|192.168.0.63|192.168.0.82|192.168.0.83',0,'ArchViz'),('y.bozhyk','193.84.22.46','46295c07dd673555f8497e6161a2ca7e','192.168.3.121|192.168.3.118|192.168.3.117',0,'');
/*!40000 ALTER TABLE `users` ENABLE KEYS */;
UNLOCK TABLES;
/*!40103 SET TIME_ZONE=@OLD_TIME_ZONE */;

/*!40101 SET SQL_MODE=@OLD_SQL_MODE */;
/*!40014 SET FOREIGN_KEY_CHECKS=@OLD_FOREIGN_KEY_CHECKS */;
/*!40014 SET UNIQUE_CHECKS=@OLD_UNIQUE_CHECKS */;
/*!40101 SET CHARACTER_SET_CLIENT=@OLD_CHARACTER_SET_CLIENT */;
/*!40101 SET CHARACTER_SET_RESULTS=@OLD_CHARACTER_SET_RESULTS */;
/*!40101 SET COLLATION_CONNECTION=@OLD_COLLATION_CONNECTION */;
/*!40111 SET SQL_NOTES=@OLD_SQL_NOTES */;

-- Dump completed on 2017-05-17 16:19:57
